-- Auto-generated test seed data. Teardown: see DELETEs at top.
begin;
delete from public.submissions where activity_id in ('a0000000-0000-4000-8000-000000000001', 'b0000000-0000-4000-8000-000000000001', 'c0000000-0000-4000-8000-000000000001');
delete from public.activities where id in ('a0000000-0000-4000-8000-000000000001', 'b0000000-0000-4000-8000-000000000001', 'c0000000-0000-4000-8000-000000000001');
insert into public.activities (id, owner_id, title, slug, status, visibility, draft_content) values ('a0000000-0000-4000-8000-000000000001', '184464c4-8b8b-4820-aea5-51c34f361bfc', '[TEST] Factoring Quadratics', 'zz-test-factoring', 'published', 'unlisted', null);
insert into public.activity_versions (id, activity_id, version_num, content, created_by) values ('a0000000-0000-4000-8000-00000000000a', 'a0000000-0000-4000-8000-000000000001', 1, $json${"schemaVersion":1,"meta":{"title":"[TEST] Factoring Quadratics","course":"Algebra II","submissionMode":"free","revisionMode":"free","gradingMode":"auto","activityType":"worksheet","answerFeedback":"on_check","skills":[]},"sections":[{"id":"a0000000-0000-4000-8000-0000000000a1","title":"Warm-up","isCheckpoint":true,"blocks":[{"id":"a0000000-0000-4000-8000-0000000000d1","type":"paragraph","content":[{"type":"text","text":"Factor each quadratic.","marks":[]}]},{"id":"a0000000-0000-4000-8000-0000000000b1","type":"fill_in_blank","number":1,"hasConfidenceRating":true,"skills":[],"solution":"x^2 + 5x + 6 = (x + 2)(x + 3).","content":[{"type":"text","text":"Factor: x squared + 5x + 6 = ( x + ","marks":[]},{"type":"blank","id":"a0000000-0000-4000-8000-0000000000c1","answer":"2","acceptableAnswers":[],"hint":"What two numbers multiply to 6 and add to 5?","mistakeFeedback":[{"match":"6","feedback":"6 multiplies but does not add to 5 — try a smaller pair."}]},{"type":"text","text":" )( x + ","marks":[]},{"type":"blank","id":"a0000000-0000-4000-8000-0000000000c2","answer":"3","acceptableAnswers":[]},{"type":"text","text":" )","marks":[]}]}]},{"id":"a0000000-0000-4000-8000-0000000000a2","title":"Practice","isCheckpoint":true,"blocks":[{"id":"a0000000-0000-4000-8000-0000000000b2","type":"fill_in_blank","number":2,"hasConfidenceRating":false,"skills":[],"content":[{"type":"text","text":"Simplify ","marks":[]},{"type":"math_inline","latex":"x^2"},{"type":"text","text":" times x = ","marks":[]},{"type":"blank","id":"a0000000-0000-4000-8000-0000000000c3","answer":"x^3","acceptableAnswers":["x*x*x"]},{"type":"text","text":" and 2x + 3x = ","marks":[]},{"type":"blank","id":"a0000000-0000-4000-8000-0000000000c4","answer":"5x","acceptableAnswers":[]}]}]}]}$json$::jsonb, '184464c4-8b8b-4820-aea5-51c34f361bfc');
update public.activities set current_version_id = 'a0000000-0000-4000-8000-00000000000a' where id = 'a0000000-0000-4000-8000-000000000001';
insert into public.activities (id, owner_id, title, slug, status, visibility, draft_content) values ('b0000000-0000-4000-8000-000000000001', '184464c4-8b8b-4820-aea5-51c34f361bfc', '[TEST] Exit Ticket: Slope', 'zz-test-exit-slope', 'published', 'unlisted', null);
insert into public.activity_versions (id, activity_id, version_num, content, created_by) values ('b0000000-0000-4000-8000-00000000000a', 'b0000000-0000-4000-8000-000000000001', 1, $json${"schemaVersion":1,"meta":{"title":"[TEST] Exit Ticket: Slope","course":"Algebra II","submissionMode":"single","revisionMode":"locked","gradingMode":"auto","activityType":"exit_ticket","answerFeedback":"immediate","skills":[]},"sections":[{"id":"b0000000-0000-4000-8000-0000000000a1","title":"Exit Ticket","isCheckpoint":false,"blocks":[{"id":"b0000000-0000-4000-8000-0000000000b1","type":"fill_in_blank","number":1,"hasConfidenceRating":false,"skills":[],"content":[{"type":"text","text":"The line through (0,1) and (2,5) has slope ","marks":[]},{"type":"blank","id":"b0000000-0000-4000-8000-0000000000c1","answer":"2","acceptableAnswers":[]},{"type":"text","text":" and y-intercept ","marks":[]},{"type":"blank","id":"b0000000-0000-4000-8000-0000000000c2","answer":"1","acceptableAnswers":[]}]}]}]}$json$::jsonb, '184464c4-8b8b-4820-aea5-51c34f361bfc');
update public.activities set current_version_id = 'b0000000-0000-4000-8000-00000000000a' where id = 'b0000000-0000-4000-8000-000000000001';
insert into public.activities (id, owner_id, title, slug, status, visibility, draft_content) values ('c0000000-0000-4000-8000-000000000001', '184464c4-8b8b-4820-aea5-51c34f361bfc', '[TEST] Edge Cases', 'zz-test-edge-cases', 'published', 'unlisted', null);
insert into public.activity_versions (id, activity_id, version_num, content, created_by) values ('c0000000-0000-4000-8000-00000000000a', 'c0000000-0000-4000-8000-000000000001', 1, $json${"schemaVersion":1,"meta":{"title":"[TEST] Edge Cases","course":"Algebra II","submissionMode":"free","revisionMode":"free","gradingMode":"auto","activityType":"review","answerFeedback":"on_check","skills":[]},"sections":[{"id":"c0000000-0000-4000-8000-0000000000a1","title":"Edge cases","isCheckpoint":true,"blocks":[{"id":"c0000000-0000-4000-8000-0000000000b1","type":"fill_in_blank","number":1,"hasConfidenceRating":false,"skills":[],"content":[{"type":"text","text":"2 + 2 = ","marks":[]},{"type":"blank","id":"c0000000-0000-4000-8000-0000000000c1","answer":"4","acceptableAnswers":[]}]}]}]}$json$::jsonb, '184464c4-8b8b-4820-aea5-51c34f361bfc');
update public.activities set current_version_id = 'c0000000-0000-4000-8000-00000000000a' where id = 'c0000000-0000-4000-8000-000000000001';
insert into public.submissions (id, activity_id, assignment_id, opaque_token, display_name, responses, score, attempt_number, submitted_at) values ('5b000000-0000-4000-8000-000000000001', 'a0000000-0000-4000-8000-000000000001', null, null, 'Alice', $json${"schemaVersion":2,"blanks":{"a0000000-0000-4000-8000-0000000000c1":{"answer":"2","correct":true,"confidence":"think_so"},"a0000000-0000-4000-8000-0000000000c2":{"answer":"4","correct":false,"confidence":"think_so"},"a0000000-0000-4000-8000-0000000000c3":{"answer":"x^3","correct":true},"a0000000-0000-4000-8000-0000000000c4":{"answer":"6x","correct":false}},"checkpointResults":{"a0000000-0000-4000-8000-0000000000a1":{"checkedAt":"2026-06-05T13:58:00Z","score":1,"total":2},"a0000000-0000-4000-8000-0000000000a2":{"checkedAt":"2026-06-05T13:59:00Z","score":1,"total":2}}}$json$::jsonb, 0.5000, 1, '2026-06-05T14:00:00Z');
insert into public.submissions (id, activity_id, assignment_id, opaque_token, display_name, responses, score, attempt_number, submitted_at) values ('5b000000-0000-4000-8000-000000000002', 'a0000000-0000-4000-8000-000000000001', null, null, 'Alice', $json${"schemaVersion":2,"blanks":{"a0000000-0000-4000-8000-0000000000c1":{"answer":"2","correct":true,"confidence":"certain"},"a0000000-0000-4000-8000-0000000000c2":{"answer":"3","correct":true,"confidence":"certain"},"a0000000-0000-4000-8000-0000000000c3":{"answer":"x^3","correct":true},"a0000000-0000-4000-8000-0000000000c4":{"answer":"5x","correct":true}},"checkpointResults":{"a0000000-0000-4000-8000-0000000000a1":{"checkedAt":"2026-06-05T15:28:00Z","score":2,"total":2},"a0000000-0000-4000-8000-0000000000a2":{"checkedAt":"2026-06-05T15:29:00Z","score":2,"total":2}}}$json$::jsonb, 1.0000, 2, '2026-06-05T15:30:00Z');
insert into public.submissions (id, activity_id, assignment_id, opaque_token, display_name, responses, score, attempt_number, submitted_at) values ('5b000000-0000-4000-8000-000000000003', 'a0000000-0000-4000-8000-000000000001', null, null, 'Bob', $json${"schemaVersion":2,"blanks":{"a0000000-0000-4000-8000-0000000000c1":{"answer":"2","correct":true,"confidence":"unsure"},"a0000000-0000-4000-8000-0000000000c2":{"answer":"3","correct":true,"confidence":"unsure"},"a0000000-0000-4000-8000-0000000000c3":{"answer":"x^3","correct":true},"a0000000-0000-4000-8000-0000000000c4":{"answer":"4x","correct":false}},"checkpointResults":{"a0000000-0000-4000-8000-0000000000a1":{"checkedAt":"2026-06-05T15:58:00Z","score":2,"total":2},"a0000000-0000-4000-8000-0000000000a2":{"checkedAt":"2026-06-05T15:59:00Z","score":1,"total":2}}}$json$::jsonb, 0.7500, 1, '2026-06-05T16:00:00Z');
insert into public.submissions (id, activity_id, assignment_id, opaque_token, display_name, responses, score, attempt_number, submitted_at) values ('5b000000-0000-4000-8000-000000000004', 'a0000000-0000-4000-8000-000000000001', null, null, 'Carlos', $json${"schemaVersion":2,"blanks":{"a0000000-0000-4000-8000-0000000000c1":{"answer":"2","correct":true,"confidence":"certain"},"a0000000-0000-4000-8000-0000000000c2":{"answer":"3","correct":true,"confidence":"certain"},"a0000000-0000-4000-8000-0000000000c3":{"answer":"x^3","correct":true},"a0000000-0000-4000-8000-0000000000c4":{"answer":"wrong","correct":false}},"checkpointResults":{"a0000000-0000-4000-8000-0000000000a1":{"checkedAt":"2026-06-06T08:58:00Z","score":2,"total":2},"a0000000-0000-4000-8000-0000000000a2":{"checkedAt":"2026-06-06T08:59:00Z","score":1,"total":2}}}$json$::jsonb, 0.7500, 1, '2026-06-06T09:00:00Z');
insert into public.submissions (id, activity_id, assignment_id, opaque_token, display_name, responses, score, attempt_number, submitted_at) values ('5b000000-0000-4000-8000-000000000005', 'a0000000-0000-4000-8000-000000000001', null, null, 'Carlos', $json${"schemaVersion":2,"blanks":{"a0000000-0000-4000-8000-0000000000c1":{"answer":"6","correct":false,"confidence":"certain"},"a0000000-0000-4000-8000-0000000000c2":{"answer":"1","correct":false,"confidence":"certain"},"a0000000-0000-4000-8000-0000000000c3":{"answer":"x^3","correct":true},"a0000000-0000-4000-8000-0000000000c4":{"answer":"z","correct":false}},"checkpointResults":{"a0000000-0000-4000-8000-0000000000a1":{"checkedAt":"2026-06-06T09:28:00Z","score":0,"total":2},"a0000000-0000-4000-8000-0000000000a2":{"checkedAt":"2026-06-06T09:29:00Z","score":1,"total":2}}}$json$::jsonb, 0.2500, 2, '2026-06-06T09:30:00Z');
insert into public.submissions (id, activity_id, assignment_id, opaque_token, display_name, responses, score, attempt_number, submitted_at) values ('5b000000-0000-4000-8000-000000000006', 'b0000000-0000-4000-8000-000000000001', null, null, 'Dana', $json${"schemaVersion":2,"blanks":{"b0000000-0000-4000-8000-0000000000c1":{"answer":"2","correct":true},"b0000000-0000-4000-8000-0000000000c2":{"answer":"1","correct":true}}}$json$::jsonb, 1.0000, 1, '2026-06-05T10:00:00Z');
insert into public.submissions (id, activity_id, assignment_id, opaque_token, display_name, responses, score, attempt_number, submitted_at) values ('5b000000-0000-4000-8000-000000000007', 'b0000000-0000-4000-8000-000000000001', null, null, 'Evan', $json${"schemaVersion":2,"blanks":{"b0000000-0000-4000-8000-0000000000c1":{"answer":"2","correct":true},"b0000000-0000-4000-8000-0000000000c2":{"answer":"0","correct":false}}}$json$::jsonb, 0.5000, 1, '2026-06-05T10:05:00Z');
insert into public.submissions (id, activity_id, assignment_id, opaque_token, display_name, responses, score, attempt_number, submitted_at) values ('5b000000-0000-4000-8000-000000000008', 'c0000000-0000-4000-8000-000000000001', null, null, 'Frankie', $json${"schemaVersion":1,"blanks":{"c0000000-0000-4000-8000-0000000000c1":{"answer":"4","correct":true}}}$json$::jsonb, 1.0000, 1, '2026-06-05T11:00:00Z');
insert into public.submissions (id, activity_id, assignment_id, opaque_token, display_name, responses, score, attempt_number, submitted_at) values ('5b000000-0000-4000-8000-000000000009', 'c0000000-0000-4000-8000-000000000001', null, null, 'Gwen', $json${"schemaVersion":2,"blanks":{"c0000000-0000-4000-8000-0000000000c1":{"answer":"4","correct":true},"c0000000-0000-4000-8000-0000000000cf":{"answer":"42","correct":false}},"checkpointResults":{"c0000000-0000-4000-8000-0000000000a1":{"checkedAt":"2026-06-05T11:29:00Z","score":1,"total":1}}}$json$::jsonb, 0.5000, 1, '2026-06-05T11:30:00Z');
insert into public.submissions (id, activity_id, assignment_id, opaque_token, display_name, responses, score, attempt_number, submitted_at) values ('5b000000-0000-4000-8000-000000000010', 'c0000000-0000-4000-8000-000000000001', null, null, 'Hana', $json${"schemaVersion":2,"blanks":{"not-a-uuid":{"answer":5}}}$json$::jsonb, null, 1, '2026-06-06T08:00:00Z');
insert into public.submissions (id, activity_id, assignment_id, opaque_token, display_name, responses, score, attempt_number, submitted_at) values ('5b000000-0000-4000-8000-000000000011', 'c0000000-0000-4000-8000-000000000001', null, null, 'Ivan', $json${"schemaVersion":2,"blanks":{"c0000000-0000-4000-8000-0000000000c1":{"answer":"","correct":false}}}$json$::jsonb, null, 1, '2026-06-06T08:30:00Z');
commit;
